observed_at,temperature,humidity,windspeed,precip_prob,current_height,growth_multiplier,threshold_attention,threshold_critical,days_to_attention,days_to_critical
2026-08-10,24.2,61,5.8,27,32.0,1.05,40,45,16,27
2026-03-11,27.0,69,4.1,43,34.5,1.25,40,45,8,16
2026-10-12,24.0,61,5.7,28,31.8,1.05,40,45,16,26
2026-01-22,28.0,72,3.7,46,35.4,1.25,40,45,7,16
2026-05-18,29.0,75,3.5,52,36.3,1.30,40,45,5,12
2026-12-04,28.6,73,3.8,49,36.1,1.25,40,45,6,14
2026-02-15,27.8,70,4.0,47,34.8,1.30,40,45,7,15
2026-06-27,22.6,56,6.6,22,30.5,1.00,40,45,21,32
2026-07-29,28.9,74,3.7,50,36.2,1.25,40,45,6,13
2026-04-12,24.6,63,5.4,31,32.1,1.10,40,45,14,24
2026-09-07,23.1,58,6.2,24,30.9,1.00,40,45,19,30
2026-01-05,26.5,70,4.1,40,29.3,1.15,40,45,16,29
2026-07-09,27.7,71,4.0,47,35.1,1.25,40,45,7,14
2026-11-23,20.5,51,7.9,13,28.9,0.90,40,45,31,43
2026-03-31,29.1,75,3.6,53,36.4,1.30,40,45,5,12
2026-08-30,26.0,66,4.9,38,33.6,1.15,40,45,10,19
2026-10-18,26.5,68,4.5,41,34.0,1.20,40,45,9,18
2026-04-20,21.6,55,6.9,19,29.7,0.95,40,45,24,36
2026-02-07,20.8,53,7.8,16,30.3,0.90,40,45,27,41
2026-05-14,20.7,53,7.6,14,29.3,0.90,40,45,29,41
2026-05-30,24.7,62,5.5,30,32.2,1.10,40,45,14,24
2026-06-11,28.8,73,3.8,49,36.0,1.25,40,45,6,13
2026-01-14,22.7,58,6.3,25,31.2,1.00,40,45,21,34
2026-03-21,23.1,59,6.2,25,31.1,1.00,40,45,18,29
2026-11-02,22.1,57,6.4,22,30.6,1.00,40,45,21,31
2026-09-15,28.7,73,3.8,49,36.0,1.25,40,45,6,13
2026-08-14,22.7,57,6.5,22,30.7,1.00,40,45,21,32
2026-07-21,23.2,58,6.3,24,31.0,1.00,40,45,19,30
2026-04-04,27.6,71,4.0,48,35.0,1.30,40,45,7,14
2026-11-16,27.8,71,4.1,45,35.1,1.25,40,45,7,15
2026-06-19,25.5,64,5.1,34,33.2,1.10,40,45,12,22
2026-02-23,24.4,62,5.7,29,31.9,1.10,40,45,14,24
2026-05-02,25.7,65,5.0,34,33.3,1.10,40,45,12,22
2026-10-05,21.8,56,6.8,20,30.1,0.95,40,45,23,34
2026-01-30,24.1,64,5.4,30,32.9,0.95,40,45,17,31
2026-09-22,25.4,64,5.1,34,33.2,1.10,40,45,12,22
2026-12-28,29.5,77,3.3,56,36.9,1.35,40,45,4,11
2026-05-22,27.4,71,4.1,46,34.9,1.20,40,45,8,15
2026-03-03,21.4,54,7.2,18,29.5,0.95,40,45,26,38
2026-04-16,23.1,59,6.1,24,30.8,1.00,40,45,19,30
2026-07-25,21.5,54,7.1,18,29.8,0.95,40,45,24,36
2026-02-13,28.5,72,3.8,49,35.5,1.30,40,45,6,14
2026-06-15,27.1,69,4.3,42,34.6,1.20,40,45,8,16
2026-08-22,29.1,75,3.5,53,36.4,1.30,40,45,5,12
2026-03-27,20.9,52,7.5,15,29.2,0.90,40,45,28,40
2026-12-18,24.3,62,5.5,29,32.0,1.10,40,45,15,25
2026-01-06,25.8,69,4.2,38,30.1,1.15,40,45,14,27
2026-04-26,28.1,72,4.0,47,35.4,1.20,40,45,7,15
2026-06-23,24.1,60,5.9,27,31.8,1.05,40,45,17,28
2026-08-18,20.9,53,7.6,15,29.4,0.90,40,45,29,41
2026-09-03,24.5,62,5.6,30,32.2,1.10,40,45,14,24
2026-01-18,21.3,55,7.1,19,33.0,1.00,40,45,19,31
2026-07-13,26.3,66,4.8,39,33.7,1.15,40,45,10,19
2026-08-02,27.3,70,4.2,44,34.8,1.20,40,45,8,16
2026-02-19,26.1,67,4.9,39,33.2,1.20,40,45,10,19
2026-11-30,23.8,60,5.9,26,31.5,1.05,40,45,17,28
2026-02-27,22.0,57,6.6,21,30.7,1.05,40,45,19,30
2026-12-24,21.0,53,7.4,16,29.4,0.90,40,45,28,40
2026-06-21,24.8,62,5.5,30,32.5,1.05,40,45,16,27
2026-05-10,22.4,57,6.5,21,30.6,1.00,40,45,21,32
2026-07-05,29.3,75,3.6,54,36.5,1.30,40,45,5,12
2026-01-26,26.4,68,4.6,40,34.1,1.25,40,45,9,18
2026-08-06,25.8,65,5.0,35,33.4,1.10,40,45,12,22
2026-03-19,23.7,60,6.0,26,31.6,1.00,40,45,17,28
2026-04-08,26.0,66,4.8,37,33.5,1.15,40,45,11,20
2026-06-03,23.0,58,6.2,24,30.9,1.00,40,45,19,30
2026-10-25,29.4,76,3.4,55,36.8,1.35,40,45,4,11
2026-09-19,27.0,69,4.3,42,34.6,1.20,40,45,8,16
2026-03-23,22.5,58,6.4,23,30.5,1.00,40,45,20,31
2026-02-11,29.2,74,3.5,51,36.2,1.30,40,45,5,12
2026-08-26,27.5,71,4.1,46,35.0,1.25,40,45,7,14
2026-11-09,25.0,63,5.3,32,32.4,1.10,40,45,13,23
2026-02-03,23.6,61,5.9,28,31.8,0.95,40,45,18,32
2026-06-07,21.3,54,7.0,18,29.6,0.95,40,45,25,37
2026-12-11,26.2,67,4.8,38,33.5,1.15,40,45,11,20
2026-04-28,27.2,70,4.2,44,34.7,1.20,40,45,8,16
2026-07-17,24.8,62,5.6,31,32.3,1.10,40,45,14,24
2026-03-07,28.5,73,3.8,49,35.9,1.25,40,45,6,14
2026-07-01,20.8,52,7.7,14,29.1,0.90,40,45,30,42
2026-05-16,24.9,64,5.4,32,32.8,1.10,40,45,13,23
2026-01-10,24.9,66,5.0,33,29.7,1.00,40,45,17,30
2026-01-03,27.1,71,3.9,42,28.4,1.15,40,45,18,31
2026-09-11,21.4,54,7.0,18,29.7,0.95,40,45,25,37
2026-05-06,24.0,61,5.8,27,31.9,1.05,40,45,16,27
2026-03-15,25.3,65,5.1,35,33.0,1.10,40,45,12,22
2026-04-24,28.9,74,3.7,50,36.1,1.25,40,45,6,13
2026-05-26,26.2,67,4.7,38,33.6,1.15,40,45,10,19
2026-12-08,24.8,76,6.7,37,31.6,1.25,40,45,15,21
2026-08-07,20.6,54,5.4,14,29.5,1.2,40,45,29,37
2026-01-06,20.7,69,5.2,43,32.7,1.07,40,45,20,19
2026-07-16,23.5,75,4.9,13,31.2,1.32,40,45,24,14
2026-03-02,26.2,76,7.2,47,32,0.98,40,45,8,27
2026-12-30,27.4,61,4.1,21,29.8,1.17,40,45,11,37
2026-09-12,27.1,65,7.2,28,30.3,1.15,40,45,26,38
2026-10-18,21.6,73,6.6,40,32.3,0.99,40,45,4,31
2026-12-01,26.1,75,3.8,44,32,1.33,40,45,6,38
2026-11-28,24.7,60,6.9,39,30.9,1.27,40,45,22,20
2026-11-02,21.8,74,5.4,24,35.6,0.91,40,45,6,11
2026-12-07,24.7,51,7.5,37,29.4,0.93,40,45,12,36
2026-01-08,22.2,62,6.4,16,35.3,1.09,40,45,25,36
2026-03-26,26.3,61,6.4,43,32.5,1.23,40,45,25,37
2026-08-01,24.9,66,6.1,54,35.4,1.11,40,45,21,13
2026-02-20,25.8,65,4.4,33,31,0.99,40,45,25,38
2026-06-04,20.9,58,3.4,44,31.4,0.93,40,45,19,33
2026-01-05,26.9,58,6.5,32,34.7,1.16,40,45,26,35
2026-04-26,24.5,59,5.8,38,36.3,1.17,40,45,8,41
2026-06-17,23.8,61,7.3,30,31.3,1.2,40,45,30,32
2026-10-08,25.9,74,4.9,23,29.5,0.9,40,45,9,16
2026-06-04,23.8,51,6.4,21,36.3,1.28,40,45,28,32
2026-11-06,27.8,68,6.5,53,36.1,1.31,40,45,16,11
2026-09-30,28.6,73,5.3,46,35.2,1.1,40,45,6,17
2026-09-22,21.8,55,7.5,17,29.7,1.24,40,45,19,15
2026-04-14,28.8,51,4.8,42,31.2,0.95,40,45,17,20
2026-06-25,20.9,72,4.7,19,30.5,1.16,40,45,19,14
2026-10-15,26.5,54,4.6,19,29.6,0.99,40,45,6,40
2026-05-06,29,52,6.2,24,29.7,1.07,40,45,12,38
2026-12-29,22.9,53,5.7,27,34.3,1.04,40,45,20,22
2026-08-26,26,70,4.9,27,35.2,1.33,40,45,14,38
2026-07-18,28.5,54,5.6,45,33,1.32,40,45,12,32
2026-05-20,26.8,69,4.1,52,34.2,1.09,40,45,17,29
2026-07-17,22.9,66,6,34,30.7,1.05,40,45,26,32
2026-07-31,22,58,6.2,42,29,1.29,40,45,11,12
2026-04-09,24,62,7.3,46,35.4,0.91,40,45,27,31
2026-10-25,28.6,74,5.5,27,30,1.29,40,45,21,33
2026-07-31,27.6,58,7.4,15,31.7,1.24,40,45,10,40
2026-09-17,23.8,76,6.5,54,30.3,1.05,40,45,19,23
2026-06-12,27,66,6,31,28.9,1.02,40,45,26,29
2026-12-30,24.6,73,5.5,46,34.7,1.06,40,45,4,34
2026-11-20,23,55,7.5,22,34.8,1.1,40,45,11,42
2026-02-27,23.2,53,7.5,43,30.1,1.16,40,45,9,32
2026-10-30,25.3,63,5.2,39,33.6,1.11,40,45,26,25
2026-08-20,21.8,63,6.1,22,32.1,1.17,40,45,10,35
2026-11-27,24.7,57,7.8,26,36.6,1.31,40,45,10,13
2026-12-06,27,51,3.6,23,31.3,0.98,40,45,17,22
2026-07-20,22.6,56,4.7,36,28.8,1.24,40,45,17,31
2026-10-31,22.9,64,6,18,31.5,0.99,40,45,27,33
2026-03-17,23.4,65,4.4,36,28.4,1.05,40,45,23,23
2026-03-21,26.2,66,6.8,37,28.9,1.02,40,45,11,38
2026-10-26,24.5,55,4.2,49,33.6,1.02,40,45,17,22
2026-09-13,21.5,58,6.6,27,29.6,1.32,40,45,7,40
2026-10-14,23.1,69,7.1,23,28.6,0.92,40,45,5,16
2026-06-18,22.1,58,3.3,45,30.2,0.91,40,45,7,19
2026-09-02,25.5,55,7.3,34,33.9,0.98,40,45,24,40
2026-10-30,26.1,63,4.8,51,33.4,1.29,40,45,21,25
2026-01-26,24.6,71,3.5,31,30.8,1.11,40,45,6,40
2026-12-19,25.8,54,6.9,39,36.1,1.25,40,45,12,34
2026-01-27,25.5,72,6.9,55,32,0.98,40,45,14,24
2026-09-22,21.8,57,5.3,36,34.6,0.98,40,45,22,20
2026-09-05,29,51,5.5,42,33.8,1.14,40,45,7,35
2026-01-01,26,67,3.4,30,28.6,1.06,40,45,10,16
2026-03-26,23.9,74,5.9,20,33.8,1.06,40,45,18,18
2026-04-26,23.3,54,4.4,52,32.8,0.9,40,45,19,32
2026-02-20,28.4,73,6.4,25,36.3,0.92,40,45,15,35
2026-01-17,27.6,62,3.7,42,36,1.11,40,45,6,35
2026-08-07,23.7,61,6,44,35.5,1.06,40,45,12,11
2026-12-21,23.4,71,4.1,25,30,0.99,40,45,27,26
2026-03-20,21.9,56,4.1,51,34.2,1.3,40,45,29,19
2026-07-29,21,58,3.6,30,28.4,1.32,40,45,30,25
2026-08-12,22.7,65,4.2,48,30.1,1.13,40,45,16,23
2026-08-22,25.7,67,3.3,46,29.4,1.16,40,45,6,39
2026-02-09,27,62,7,38,32.6,0.98,40,45,17,20
2026-07-31,28.6,63,4.1,46,30.2,1.04,40,45,9,16
2026-10-16,29,71,7,30,28.7,0.99,40,45,29,11
2026-04-12,22.9,60,5.9,41,30.7,1.34,40,45,12,31
2026-06-04,27.1,57,5.2,21,35.8,0.99,40,45,4,34
2026-11-28,28.9,72,4.9,33,36.5,0.96,40,45,14,28
2026-10-09,21.8,71,5.1,37,32.6,1.32,40,45,26,21
2026-07-10,25.6,57,6.4,31,31.4,1.19,40,45,26,18
2026-01-23,25,73,3.3,20,29.2,1.12,40,45,27,27
2026-10-21,28.9,75,3.3,22,31.1,0.99,40,45,16,18
2026-11-26,27,67,5.6,51,32.8,1.07,40,45,11,16
2026-09-26,23.9,58,3.8,35,32,1.19,40,45,17,25
2026-03-06,26.4,63,5.9,25,32.4,1.28,40,45,23,14
2026-03-26,24.7,76,5.8,46,29.4,0.98,40,45,24,26
2026-06-19,24.8,52,6,52,31.9,1.25,40,45,6,19
2026-01-11,25.6,62,6.5,27,29.4,1.1,40,45,7,13
2026-11-30,27.7,60,7.2,47,34,1.31,40,45,25,28
2026-04-06,27.5,74,7.3,39,35.8,1.3,40,45,9,19
2026-01-05,23.3,73,4.1,43,33.4,1.02,40,45,30,21
2026-03-13,29.1,70,4.1,55,32.6,0.97,40,45,25,11
2026-06-24,21.3,76,4.9,48,35,1.13,40,45,28,16
2026-12-01,24,56,4.9,22,32,1.21,40,45,9,35
2026-10-09,21.7,61,3.4,47,31,1.11,40,45,25,13
2026-09-17,22.8,62,4.6,37,34.9,1.14,40,45,5,12
2026-04-04,28.4,75,7.7,27,32.2,0.9,40,45,28,11
2026-08-18,28.9,70,6.8,14,31.7,1.24,40,45,13,36
2026-07-11,24.6,61,7.4,23,31.1,0.98,40,45,29,35
2026-08-31,20.8,74,6.8,28,31,1.31,40,45,27,24
2026-10-20,24.4,66,6.3,33,31.2,0.92,40,45,30,27
2026-09-05,29.4,54,4.1,46,29.6,1.3,40,45,13,37
2026-11-24,22.3,60,7,22,33.3,1.29,40,45,12,39
2026-11-30,21.1,76,4,14,31.7,1.02,40,45,22,29
2026-10-13,23.9,67,4.5,55,35.7,0.95,40,45,9,32
2026-11-21,28.2,70,5.5,43,36.6,1.14,40,45,17,19
2026-11-13,22.2,71,6.8,55,30.2,1.21,40,45,16,28
2026-02-08,24.6,51,7.7,43,29.8,1.21,40,45,19,35
2026-01-31,28,53,6.8,49,34.2,1.15,40,45,16,27
2026-09-21,22.6,68,5,32,36.5,1.14,40,45,22,11
2026-10-09,27.1,62,6.3,44,32.9,1.29,40,45,17,32
2026-02-09,26.2,74,4.6,42,31.1,1.18,40,45,25,22
2026-04-12,28,71,6.3,21,35.2,1.03,40,45,25,22
2026-12-07,22.8,57,5.2,18,30.8,0.96,40,45,23,16
2026-08-26,24.1,57,7,14,33,1.02,40,45,5,15
2026-06-25,26.5,63,5.4,22,29.8,1.29,40,45,12,12
2026-12-15,21.4,57,6.3,44,29.4,1.25,40,45,8,30
2026-03-30,25.7,62,4.6,54,31.1,0.92,40,45,27,40
2026-03-13,29.3,70,5.6,26,35,0.93,40,45,8,24
